{
    "multipart": [
        {   "when": { "age": "0" },
            "apply": [
                { "model": "block/bamboo1_age0" },
                { "model": "block/bamboo2_age0" },
                { "model": "block/bamboo3_age0" },
                { "model": "block/bamboo4_age0" }
            ]
        },
        {   "when": { "age": "1" },
            "apply": [
                { "model": "block/bamboo1_age1" },
                { "model": "block/bamboo2_age1" },
                { "model": "block/bamboo3_age1" },
                { "model": "block/bamboo4_age1" }
            ]
        },
        {   "when": { "leaves": "small" },
            "apply": { "model": "block/bamboo_small_leaves" }
        },
        {   "when": { "leaves": "large" },
            "apply": { "model": "block/bamboo_large_leaves" }
        }
    ]
}
