{
    "variants": {
        "side=NORTH,type=normal": { "model": "minecraft:block/chest_normal" },
        "side=SOUTH,type=normal": { "model": "minecraft:block/chest_normal", "y": 180 },
        "side=WEST,type=normal":  { "model": "minecraft:block/chest_normal", "y": 270 },
        "side=EAST,type=normal":  { "model": "minecraft:block/chest_normal", "y": 90 },
        "side=NORTH,type=christmas": { "model": "minecraft:block/chest_christmas" },
        "side=SOUTH,type=christmas": { "model": "minecraft:block/chest_christmas", "y": 180 },
        "side=WEST,type=christmas":  { "model": "minecraft:block/chest_christmas", "y": 270 },
        "side=EAST,type=christmas":  { "model": "minecraft:block/chest_christmas", "y": 90 }
    }
}
