{
  "variants": {
    "facing=east,half=lower,hinge=left,open=false": {
      "model": "alias:bottom_default"
    },
    "facing=east,half=lower,hinge=left,open=true": {
      "model": "alias:bottom_hinge",
      "y": 90
    },
    "facing=east,half=lower,hinge=right,open=false": {
      "model": "alias:bottom_hinge"
    },
    "facing=east,half=lower,hinge=right,open=true": {
      "model": "alias:bottom_default",
      "y": 270
    },
    "facing=east,half=upper,hinge=left,open=false": {
      "model": "alias:bottomtop_default"
    },
    "facing=east,half=upper,hinge=left,open=true": {
      "model": "alias:bottomtop_hinge",
      "y": 90
    },
    "facing=east,half=upper,hinge=right,open=false": {
      "model": "alias:bottomtop_hinge"
    },
    "facing=east,half=upper,hinge=right,open=true": {
      "model": "alias:bottomtop_default",
      "y": 270
    },
    "facing=north,half=lower,hinge=left,open=false": {
      "model": "alias:bottom_default",
      "y": 270
    },
    "facing=north,half=lower,hinge=left,open=true": {
      "model": "alias:bottom_hinge"
    },
    "facing=north,half=lower,hinge=right,open=false": {
      "model": "alias:bottom_hinge",
      "y": 270
    },
    "facing=north,half=lower,hinge=right,open=true": {
      "model": "alias:bottom_default",
      "y": 180
    },
    "facing=north,half=upper,hinge=left,open=false": {
      "model": "alias:bottomtop_default",
      "y": 270
    },
    "facing=north,half=upper,hinge=left,open=true": {
      "model": "alias:bottomtop_hinge"
    },
    "facing=north,half=upper,hinge=right,open=false": {
      "model": "alias:bottomtop_hinge",
      "y": 270
    },
    "facing=north,half=upper,hinge=right,open=true": {
      "model": "alias:bottomtop_default",
      "y": 180
    },
    "facing=south,half=lower,hinge=left,open=false": {
      "model": "alias:bottom_default",
      "y": 90
    },
    "facing=south,half=lower,hinge=left,open=true": {
      "model": "alias:bottom_hinge",
      "y": 180
    },
    "facing=south,half=lower,hinge=right,open=false": {
      "model": "alias:bottom_hinge",
      "y": 90
    },
    "facing=south,half=lower,hinge=right,open=true": {
      "model": "alias:bottom_default"
    },
    "facing=south,half=upper,hinge=left,open=false": {
      "model": "alias:bottomtop_default",
      "y": 90
    },
    "facing=south,half=upper,hinge=left,open=true": {
      "model": "alias:bottomtop_hinge",
      "y": 180
    },
    "facing=south,half=upper,hinge=right,open=false": {
      "model": "alias:bottomtop_hinge",
      "y": 90
    },
    "facing=south,half=upper,hinge=right,open=true": {
      "model": "alias:bottomtop_default"
    },
    "facing=west,half=lower,hinge=left,open=false": {
      "model": "alias:bottom_default",
      "y": 180
    },
    "facing=west,half=lower,hinge=left,open=true": {
      "model": "alias:bottom_hinge",
      "y": 270
    },
    "facing=west,half=lower,hinge=right,open=false": {
      "model": "alias:bottom_hinge",
      "y": 180
    },
    "facing=west,half=lower,hinge=right,open=true": {
      "model": "alias:bottom_default",
      "y": 90
    },
    "facing=west,half=upper,hinge=left,open=false": {
      "model": "alias:bottomtop_default",
      "y": 180
    },
    "facing=west,half=upper,hinge=left,open=true": {
      "model": "alias:bottomtop_hinge",
      "y": 270
    },
    "facing=west,half=upper,hinge=right,open=false": {
      "model": "alias:bottomtop_hinge",
      "y": 180
    },
    "facing=west,half=upper,hinge=right,open=true": {
      "model": "alias:bottomtop_default",
      "y": 90
    }
  }
}