{
  "multipart": [
    {
      "apply": {
        "model": "alias:post"
      }
    },
    {
      "apply": {
        "model": "alias:side"
      },
      "when": {
        "north": "true"
      }
    },
    {
      "apply": {
        "model": "alias:side",
        "uvlock": true,
        "y": 90
      },
      "when": {
        "east": "true"
      }
    },
    {
      "apply": {
        "model": "alias:side",
        "uvlock": true,
        "y": 180
      },
      "when": {
        "south": "true"
      }
    },
    {
      "apply": {
        "model": "alias:side",
        "uvlock": true,
        "y": 270
      },
      "when": {
        "west": "true"
      }
    }
  ]
}