{
  "variants": {
    "facing=east,in_wall=false,open=false": {
      "model": "alias:default",
      "uvlock": true,
      "y": 270
    },
    "facing=east,in_wall=false,open=true": {
      "model": "alias:default_open",
      "uvlock": true,
      "y": 270
    },
    "facing=east,in_wall=true,open=false": {
      "model": "alias:wall",
      "uvlock": true,
      "y": 270
    },
    "facing=east,in_wall=true,open=true": {
      "model": "alias:wall_open",
      "uvlock": true,
      "y": 270
    },
    "facing=north,in_wall=false,open=false": {
      "model": "alias:default",
      "uvlock": true,
      "y": 180
    },
    "facing=north,in_wall=false,open=true": {
      "model": "alias:default_open",
      "uvlock": true,
      "y": 180
    },
    "facing=north,in_wall=true,open=false": {
      "model": "alias:wall",
      "uvlock": true,
      "y": 180
    },
    "facing=north,in_wall=true,open=true": {
      "model": "alias:wall_open",
      "uvlock": true,
      "y": 180
    },
    "facing=south,in_wall=false,open=false": {
      "model": "alias:default"
    },
    "facing=south,in_wall=false,open=true": {
      "model": "alias:default_open"
    },
    "facing=south,in_wall=true,open=false": {
      "model": "alias:wall"
    },
    "facing=south,in_wall=true,open=true": {
      "model": "alias:wall_open"
    },
    "facing=west,in_wall=false,open=false": {
      "model": "alias:default",
      "uvlock": true,
      "y": 90
    },
    "facing=west,in_wall=false,open=true": {
      "model": "alias:default_open",
      "uvlock": true,
      "y": 90
    },
    "facing=west,in_wall=true,open=false": {
      "model": "alias:wall",
      "uvlock": true,
      "y": 90
    },
    "facing=west,in_wall=true,open=true": {
      "model": "alias:wall_open",
      "uvlock": true,
      "y": 90
    }
  }
}