{
    "variants": {
        "age=0,facing=south": { "model": "block/cocoa_stage0" },
        "age=0,facing=west": { "model": "block/cocoa_stage0", "y": 90 },
        "age=0,facing=north": { "model": "block/cocoa_stage0", "y": 180 },
        "age=0,facing=east": { "model": "block/cocoa_stage0", "y": 270 },
        "age=1,facing=south": { "model": "block/cocoa_stage1" },
        "age=1,facing=west": { "model": "block/cocoa_stage1", "y": 90 },
        "age=1,facing=north": { "model": "block/cocoa_stage1", "y": 180 },
        "age=1,facing=east": { "model": "block/cocoa_stage1", "y": 270 },
        "age=2,facing=south": { "model": "block/cocoa_stage2" },
        "age=2,facing=west": { "model": "block/cocoa_stage2", "y": 90 },
        "age=2,facing=north": { "model": "block/cocoa_stage2", "y": 180 },
        "age=2,facing=east": { "model": "block/cocoa_stage2", "y": 270 }
    }
}
