{
    "variants": {
        "power=0": { "model": "block/heavy_weighted_pressure_plate" },
        "power=1": { "model": "block/heavy_weighted_pressure_plate_down" },
        "power=2": { "model": "block/heavy_weighted_pressure_plate_down" },
        "power=3": { "model": "block/heavy_weighted_pressure_plate_down" },
        "power=4": { "model": "block/heavy_weighted_pressure_plate_down" },
        "power=5": { "model": "block/heavy_weighted_pressure_plate_down" },
        "power=6": { "model": "block/heavy_weighted_pressure_plate_down" },
        "power=7": { "model": "block/heavy_weighted_pressure_plate_down" },
        "power=8": { "model": "block/heavy_weighted_pressure_plate_down" },
        "power=9": { "model": "block/heavy_weighted_pressure_plate_down" },
        "power=10": { "model": "block/heavy_weighted_pressure_plate_down" },
        "power=11": { "model": "block/heavy_weighted_pressure_plate_down" },
        "power=12": { "model": "block/heavy_weighted_pressure_plate_down" },
        "power=13": { "model": "block/heavy_weighted_pressure_plate_down" },
        "power=14": { "model": "block/heavy_weighted_pressure_plate_down" },
        "power=15": { "model": "block/heavy_weighted_pressure_plate_down" }
    }
}
