{
  "image_location": "build/texture/gui/hotbar.png",
  "image_size": [364, 44],
  "window_anchor": "MD",
  "image_position": [0, 40],
  "selected_delta": [8, 8],
  "slots": {
    "0": {
      "position": [6, 6], "allow_player_insert": false, "allow_player_remove": false
    },
    "1": {
      "position": [46, 6], "allow_player_insert": false, "allow_player_remove": false
    },
    "2": {
      "position": [86, 6], "allow_player_insert": false, "allow_player_remove": false
    },
    "3": {
      "position": [126, 6], "allow_player_insert": false, "allow_player_remove": false
    },
    "4": {
      "position": [166, 6], "allow_player_insert": false, "allow_player_remove": false
    },
    "5": {
      "position": [206, 6], "allow_player_insert": false, "allow_player_remove": false
    },
    "6": {
      "position": [246, 6], "allow_player_insert": false, "allow_player_remove": false
    },
    "7": {
      "position": [286, 6], "allow_player_insert": false, "allow_player_remove": false
    },
    "8": {
      "position": [326, 6], "allow_player_insert": false, "allow_player_remove": false
    }
  }
}